[
  {
    "memo": "Realigned 24 hour conglomeration",
    "tags": "RBAC",
    "user": "Skill"
  },
  {
    "memo": "Cloned uniform moratorium",
    "tags": "Vray",
    "user": "Skill"
  },
  {
    "memo": "Upgradable fault-tolerant frame",
    "tags": "Registered Nurses",
    "user": "Skill"
  },
  {
    "memo": "Innovative disintermediate productivity",
    "tags": "Credit Unions",
    "user": "Skill"
  },
  {
    "memo": "Automated real-time artificial intelligence",
    "tags": "QKA",
    "user": "Skill"
  },
  {
    "memo": "Mandatory radical array",
    "tags": "Windows Vista",
    "user": "Skill"
  },
  {
    "memo": "Cloned optimizing process improvement",
    "tags": "AMI",
    "user": "Skill"
  },
  {
    "memo": "Decentralized impactful monitoring",
    "tags": "Oxides",
    "user": "Skill"
  },
  {
    "memo": "Configurable holistic open architecture",
    "tags": "VLS",
    "user": "Skill"
  },
  {
    "memo": "Grigol",
    "tags": "sdfsdf",
    "user": "Skill"
  },
  {
    "memo": "sdfsdf",
    "tags": "sdfsdf",
    "user": "Skill"
  },
  {
    "memo": "sdfsdfsd",
    "tags": "sdfsdf",
    "user": " "
  },
  {
    "memo": "ffff",
    "tags": "gggg",
    "user": "Skill"
  },
  {
    "memo": "sfgsfdg",
    "tags": "sdfgsdfg",
    "user": "gr.taniashvili"
  },
  {
    "memo": "dfsdfsasdahsdh",
    "tags": "sdghsdfghlkjdghsd",
    "user": "gr.taniashvili"
  }
]